temperature,humidity,co2
2026-03-22T09:57:09.207098+00:00,28.1,30.9,892.9
2026-03-22T09:57:13.272308+00:00,28.8,32.6,1189.5
2026-03-22T09:57:17.333998+00:00,27.6,57.3,1119.7
2026-03-22T09:57:21.367050+00:00,33.2,45.8,588.7
2026-03-22T09:57:25.400500+00:00,34.5,38.6,825.6
2026-03-22T09:57:29.449728+00:00,31.9,47.3,550.5
2026-03-22T09:57:33.499093+00:00,29.6,67.6,879.9
2026-03-22T09:57:37.547291+00:00,21.3,52.5,746.9
2026-03-22T09:57:41.580929+00:00,31.1,68.3,691.2
2026-03-22T09:57:45.663391+00:00,33.5,49.4,454.5
2026-03-22T09:57:49.714578+00:00,29.2,65.0,1047.5
2026-03-22T09:57:53.763258+00:00,27.0,41.4,460.4
2026-03-22T09:57:57.809220+00:00,31.2,31.1,507.1
2026-03-22T09:58:01.863497+00:00,22.8,47.0,418.1
2026-03-22T09:58:05.932032+00:00,27.0,48.3,928.3
2026-03-22T09:58:09.962595+00:00,22.6,62.3,328.7
2026-03-22T09:58:14.009476+00:00,28.8,60.0,1170.0
2026-03-22T09:58:18.101180+00:00,30.2,63.0,1126.2
2026-03-22T09:58:22.182442+00:00,30.5,45.3,853.4
2026-03-22T09:58:26.243071+00:00,30.5,57.7,819.8
2026-03-22T09:58:30.330251+00:00,22.4,51.1,990.7
2026-03-22T09:58:34.374486+00:00,31.6,69.8,955.9
2026-03-22T09:58:38.437871+00:00,29.5,62.8,816.0
2026-03-22T09:58:42.533728+00:00,30.3,66.0,638.1
2026-03-22T09:58:46.600470+00:00,33.7,31.2,1095.1
2026-03-22T09:58:50.657144+00:00,23.3,38.8,1183.1
2026-03-22T09:58:54.751251+00:00,28.9,61.9,869.9
2026-03-22T09:59:00.287794+00:00,33.7,39.1,867.4
2026-03-22T09:59:04.343461+00:00,27.1,31.2,333.8
2026-03-22T09:59:08.434151+00:00,33.4,30.2,1038.4
2026-03-22T09:59:12.502290+00:00,23.1,58.4,317.9
2026-03-22T09:59:16.600949+00:00,34.5,57.7,705.2
2026-03-22T09:59:20.652031+00:00,21.4,45.3,826.7
2026-03-22T09:59:24.715969+00:00,22.1,37.5,579.0
2026-03-22T09:59:28.796837+00:00,20.7,64.9,1155.9
2026-03-22T09:59:32.902246+00:00,22.0,61.8,673.8
2026-03-22T09:59:36.974747+00:00,32.8,63.8,734.2
2026-03-22T09:59:41.052645+00:00,30.6,49.1,393.4
2026-03-22T09:59:45.126088+00:00,26.3,51.1,1189.4
2026-03-22T09:59:49.208826+00:00,32.5,51.0,431.6
2026-03-22T09:59:53.287897+00:00,33.0,36.1,986.8
2026-03-22T09:59:57.364259+00:00,28.3,35.1,1156.3
2026-03-22T10:00:01.438034+00:00,31.9,47.7,1125.3
2026-03-22T10:00:05.486812+00:00,34.6,47.9,1133.7
2026-03-22T10:00:09.513767+00:00,31.2,51.6,469.4
2026-03-22T10:00:13.560115+00:00,26.2,42.0,856.7
2026-03-22T10:00:17.608060+00:00,31.2,33.5,338.3
2026-03-22T10:00:21.676720+00:00,26.6,53.6,1156.6
2026-03-22T10:00:25.733915+00:00,33.2,42.3,1015.0
2026-03-22T10:00:29.759234+00:00,26.3,37.5,737.9
2026-03-22T10:00:33.849473+00:00,25.8,67.0,912.7
2026-03-22T10:00:37.917852+00:00,21.7,58.2,850.8
2026-03-22T10:00:41.944572+00:00,22.7,37.5,314.9
2026-03-22T10:00:46.008203+00:00,20.7,41.1,844.3
2026-03-22T10:00:50.078112+00:00,27.9,40.9,1077.3
2026-03-22T10:00:54.137620+00:00,20.3,34.5,325.0
2026-03-22T10:00:58.198557+00:00,21.6,65.5,488.3
2026-03-22T10:01:03.432895+00:00,21.4,64.4,544.4
2026-03-22T10:01:07.486872+00:00,25.5,36.9,619.8
2026-03-22T10:01:11.567600+00:00,23.3,38.9,402.2
2026-03-22T10:01:15.601781+00:00,26.1,54.1,834.5
2026-03-22T10:01:19.651122+00:00,21.3,56.9,342.9
2026-03-22T10:01:23.698199+00:00,24.6,33.7,593.7
2026-03-22T10:01:27.751916+00:00,27.2,47.0,520.8
2026-03-22T10:01:31.800882+00:00,23.4,40.1,670.5
2026-03-22T10:01:35.871664+00:00,34.4,69.2,777.4
2026-03-22T10:01:39.916716+00:00,23.5,61.6,1023.7
2026-03-22T10:01:43.970115+00:00,20.1,47.9,971.2
2026-03-22T10:01:48.029805+00:00,27.1,66.6,677.6
2026-03-22T10:01:52.081800+00:00,34.7,43.6,1122.1
2026-03-22T10:01:56.120430+00:00,30.3,68.9,552.4
2026-03-22T10:02:00.175662+00:00,20.3,34.4,338.3
2026-03-22T10:02:04.223219+00:00,22.8,66.6,358.4
2026-03-22T10:02:08.294899+00:00,22.1,57.5,1008.0
2026-03-22T10:02:12.340922+00:00,27.9,34.7,700.9
2026-03-22T10:02:16.411672+00:00,26.2,49.4,944.8
2026-03-22T10:02:20.461334+00:00,28.7,46.7,994.4
2026-03-22T10:02:24.545220+00:00,33.4,56.2,1012.2
2026-03-22T10:02:28.593911+00:00,23.9,65.7,981.5
2026-03-22T10:02:32.695099+00:00,27.8,57.2,1086.7
2026-03-22T10:02:36.777895+00:00,29.8,60.9,1159.1
2026-03-22T10:02:40.859080+00:00,33.3,61.2,1011.7
2026-03-22T10:02:44.943055+00:00,30.1,44.7,625.8
2026-03-22T10:02:49.026036+00:00,25.4,47.1,364.7
2026-03-22T10:02:53.078730+00:00,22.8,50.4,604.2
2026-03-22T10:02:57.123452+00:00,21.2,65.2,982.3
2026-03-22T10:03:01.182162+00:00,33.1,33.3,1015.9
2026-03-22T10:03:06.601182+00:00,34.8,67.6,454.3
2026-03-22T10:03:10.669412+00:00,21.0,40.3,323.9
2026-03-22T10:03:14.720905+00:00,31.9,50.3,1037.4
2026-03-22T10:03:18.765648+00:00,28.4,42.4,1090.0
2026-03-22T10:03:22.835652+00:00,23.6,63.2,565.8
2026-03-22T10:03:26.891701+00:00,34.9,39.1,662.9
2026-03-22T10:03:30.967885+00:00,24.8,61.4,818.9
2026-03-22T10:03:35.036133+00:00,31.0,41.0,445.5
2026-03-22T10:03:39.113217+00:00,20.2,32.5,1081.6
2026-03-22T10:03:43.202930+00:00,28.7,47.1,629.6
2026-03-22T10:03:47.268489+00:00,33.5,35.3,427.2
2026-03-22T10:03:51.328977+00:00,28.3,65.2,427.0
2026-03-22T10:03:55.394055+00:00,29.7,69.5,870.5
2026-03-22T10:03:59.480507+00:00,34.0,35.0,704.0
2026-03-22T10:04:03.530475+00:00,24.1,51.2,735.8
2026-03-22T10:04:07.579845+00:00,33.5,39.6,852.7
2026-03-22T10:04:11.636918+00:00,29.7,62.5,449.2
2026-03-22T10:04:15.714221+00:00,34.3,51.2,740.4
2026-03-22T10:04:19.734236+00:00,27.2,53.1,311.6
2026-03-22T10:04:23.794427+00:00,20.5,67.4,522.5
2026-03-22T10:04:27.850172+00:00,34.5,46.0,777.1
2026-03-22T10:04:31.916243+00:00,20.1,38.6,816.8
2026-03-22T10:04:36.006198+00:00,20.9,31.8,723.7
2026-03-22T10:07:49.092922+00:00,34.2,47.6,444.3
2026-03-22T10:07:50.093601+00:00,32.9,47.9,1004.3
2026-03-22T10:07:51.094328+00:00,20.1,63.3,317.8
2026-03-22T10:07:52.094824+00:00,31.9,43.9,699.6
2026-03-22T10:07:53.095419+00:00,31.5,44.2,464.4
2026-03-22T10:07:54.096218+00:00,29.4,55.7,312.8
2026-03-22T10:07:55.096690+00:00,31.3,38.6,356.6
2026-03-22T10:07:56.097163+00:00,24.9,45.6,1077.7
2026-03-22T10:07:57.097748+00:00,23.6,46.4,1046.8
2026-03-22T10:07:58.098273+00:00,30.1,44.4,1156.8
2026-03-22T10:07:59.098739+00:00,28.0,43.6,1122.2
2026-03-22T10:08:00.099415+00:00,25.1,37.3,426.1
2026-03-22T10:08:01.100111+00:00,23.8,31.8,995.3
2026-03-22T10:08:02.100553+00:00,25.1,67.3,660.6
2026-03-22T10:08:03.101491+00:00,20.5,60.1,359.8
2026-03-22T10:08:04.102012+00:00,27.8,47.6,650.8
2026-03-22T10:08:05.103027+00:00,31.3,41.0,530.7
2026-03-22T10:08:06.103523+00:00,31.7,69.1,1016.7
2026-03-22T10:08:07.104273+00:00,20.8,59.5,406.3
2026-03-22T10:08:08.104707+00:00,22.5,51.0,638.7
2026-03-22T10:08:09.105593+00:00,25.4,32.0,943.8
2026-03-22T10:08:10.105839+00:00,21.5,63.7,816.5
2026-03-22T10:08:11.107192+00:00,26.1,44.1,476.7
2026-03-22T10:08:12.107593+00:00,31.3,35.3,926.2
2026-03-22T10:08:13.108087+00:00,33.5,32.9,957.4
2026-03-22T10:08:14.108767+00:00,34.3,47.0,566.1
2026-03-22T10:08:15.109612+00:00,27.6,62.4,749.7
2026-03-22T10:08:16.109902+00:00,30.6,68.4,648.4
2026-03-22T10:08:17.110773+00:00,33.6,30.8,1079.5
2026-03-22T10:08:18.111401+00:00,22.1,59.1,954.8
2026-03-22T10:08:19.111905+00:00,26.6,44.3,496.8
2026-03-22T10:08:20.113133+00:00,24.4,69.0,1162.0
2026-03-22T10:08:21.113340+00:00,28.3,60.8,803.2
2026-03-22T10:08:22.114793+00:00,26.9,51.8,1008.2
2026-03-22T10:08:23.115548+00:00,29.2,68.9,761.5
2026-03-22T10:08:24.116102+00:00,26.9,70.0,403.9
2026-03-22T10:08:25.116638+00:00,29.4,40.2,539.2
2026-03-22T10:08:26.117032+00:00,25.5,39.2,528.5
2026-03-22T10:08:27.118191+00:00,27.2,32.6,650.1
2026-03-22T10:08:28.118856+00:00,33.0,34.6,822.2
2026-03-22T10:08:29.119363+00:00,33.3,34.0,581.7
2026-03-22T10:08:30.120203+00:00,31.2,65.1,862.6
2026-03-22T10:08:31.120742+00:00,28.8,56.9,355.6
2026-03-22T10:08:32.121603+00:00,24.7,49.0,887.3
2026-03-22T10:08:33.122862+00:00,23.6,44.8,1064.5
2026-03-22T10:08:34.123456+00:00,33.1,55.3,657.2
2026-03-22T10:08:35.124122+00:00,25.3,61.9,472.5
2026-03-22T10:08:36.124681+00:00,25.2,64.5,1116.5
2026-03-22T10:08:37.125379+00:00,34.3,48.3,1108.8
2026-03-22T10:08:38.125797+00:00,22.6,60.4,755.1
2026-03-22T10:08:39.126493+00:00,28.0,47.2,575.5
2026-03-22T10:08:40.127622+00:00,23.1,60.6,996.0
2026-03-22T10:08:41.128453+00:00,26.8,40.9,338.7
2026-03-22T10:08:42.129815+00:00,21.2,47.0,432.8
2026-03-22T10:08:43.130369+00:00,31.4,56.3,830.4
2026-03-22T10:08:44.131705+00:00,32.3,69.3,599.8
2026-03-22T10:08:45.131949+00:00,21.3,36.8,1197.1
2026-03-22T10:08:46.132695+00:00,24.1,69.7,1121.0
2026-03-22T10:08:47.133413+00:00,20.2,70.0,557.2
2026-03-22T10:08:48.133992+00:00,26.5,32.0,1186.2
2026-03-22T10:08:49.134264+00:00,28.0,65.5,1118.2
2026-03-22T10:08:50.135993+00:00,30.0,52.4,1139.7
2026-03-22T10:08:51.136229+00:00,21.8,36.9,667.3
2026-03-22T10:08:52.137226+00:00,32.3,30.7,694.0
2026-03-22T10:08:53.137633+00:00,21.8,66.2,1039.4
2026-03-22T10:08:54.138217+00:00,21.4,30.9,497.5
2026-03-22T10:08:55.139026+00:00,23.9,34.3,784.9
2026-03-22T10:08:56.139483+00:00,26.3,59.3,1150.2
2026-03-22T10:08:57.139769+00:00,21.8,65.8,373.2
2026-03-22T10:08:58.140714+00:00,20.1,48.9,599.5
2026-03-22T10:08:59.142949+00:00,28.3,34.3,506.9
2026-03-22T10:09:00.143494+00:00,30.6,52.8,629.6
2026-03-22T10:09:01.144607+00:00,31.1,45.4,840.4
2026-03-22T10:09:02.145392+00:00,30.8,45.8,685.1
2026-03-22T10:09:03.146015+00:00,31.0,32.3,517.6
2026-03-22T10:09:04.146689+00:00,29.3,47.9,722.7
2026-03-22T10:09:05.147590+00:00,28.7,39.0,1172.3
2026-03-22T10:09:06.148504+00:00,31.3,59.2,827.1
2026-03-22T10:09:07.149130+00:00,32.3,32.3,900.8
2026-03-22T10:09:08.149858+00:00,22.7,67.4,588.5
2026-03-22T10:09:09.150526+00:00,32.9,35.5,533.1
2026-03-22T10:09:10.151392+00:00,32.0,36.9,412.3
2026-03-22T10:09:11.152125+00:00,21.3,36.2,963.1
2026-03-22T10:09:12.152924+00:00,32.4,54.5,945.6
2026-03-22T10:09:13.153480+00:00,26.3,56.6,805.5
2026-03-22T10:09:14.154618+00:00,29.6,53.5,554.1
2026-03-22T10:09:15.155631+00:00,26.7,32.3,803.4
2026-03-22T10:09:16.156602+00:00,27.1,66.7,937.4
2026-03-22T10:09:17.157336+00:00,33.1,55.9,1173.7
2026-03-22T10:09:18.157935+00:00,34.5,63.0,1154.0
2026-03-22T10:09:19.158929+00:00,28.2,30.4,368.0
2026-03-22T10:09:20.159567+00:00,32.3,67.6,1177.6
2026-03-22T10:09:21.160359+00:00,33.4,41.1,502.9
2026-03-22T10:09:22.161104+00:00,30.9,60.0,432.3
2026-03-22T10:09:23.161729+00:00,24.4,67.8,336.7
2026-03-22T10:09:24.162307+00:00,28.4,48.2,1198.8
2026-03-22T10:09:25.162983+00:00,33.8,43.9,342.0
2026-03-22T10:09:26.164275+00:00,33.8,42.8,329.2
2026-03-22T10:09:27.164906+00:00,27.6,49.2,1126.7
2026-03-22T10:09:28.165483+00:00,30.9,51.5,363.1
2026-03-22T10:09:29.166124+00:00,24.3,53.2,321.5
2026-03-22T10:09:30.166737+00:00,23.4,33.7,468.0
2026-03-22T10:09:31.167858+00:00,28.9,50.9,660.6
2026-03-22T10:09:32.168952+00:00,20.2,68.6,593.0
2026-03-22T10:09:33.169958+00:00,32.6,55.9,1011.2
2026-03-22T10:09:34.170992+00:00,26.9,63.2,430.3
2026-03-22T10:09:35.171524+00:00,20.4,66.4,382.1
2026-03-22T10:09:36.172394+00:00,20.3,35.7,921.1
2026-03-22T10:09:37.172946+00:00,22.5,53.2,1196.4
2026-03-22T10:09:38.173889+00:00,28.5,32.5,1019.5
2026-03-22T10:09:39.174819+00:00,31.8,62.9,942.5
2026-03-22T10:09:40.175509+00:00,27.5,52.2,609.7
2026-03-22T10:09:41.176100+00:00,22.3,37.8,579.1
2026-03-22T10:09:42.176662+00:00,24.6,60.2,894.4
2026-03-22T10:09:43.177724+00:00,26.0,63.7,663.2
2026-03-22T10:09:44.178520+00:00,23.5,47.0,1189.8
2026-03-22T10:09:45.179293+00:00,29.7,59.2,998.3
2026-03-22T10:09:46.180140+00:00,35.0,46.7,312.6
2026-03-22T10:09:47.180952+00:00,23.9,62.6,1103.1
2026-03-22T10:09:48.181882+00:00,24.6,44.5,408.6
2026-03-22T10:09:49.182621+00:00,29.4,50.4,905.7
2026-03-22T10:09:50.183347+00:00,27.2,48.7,417.5
2026-03-22T10:09:51.184398+00:00,23.5,68.9,1071.9
2026-03-22T10:09:52.185559+00:00,30.2,69.8,415.2
2026-03-22T10:09:53.186311+00:00,30.3,48.4,816.3
2026-03-22T10:09:54.187057+00:00,29.8,62.1,345.3
2026-03-22T10:09:55.187833+00:00,26.9,60.0,1143.5
2026-03-22T10:09:56.188642+00:00,31.2,65.1,732.1
2026-03-22T10:09:57.189298+00:00,23.5,32.3,565.3
2026-03-22T10:09:58.190342+00:00,31.8,31.0,563.5
2026-03-22T10:09:59.191216+00:00,29.0,64.0,500.9
2026-03-22T10:10:00.191861+00:00,33.6,54.0,554.6
2026-03-22T10:10:01.192839+00:00,25.9,62.8,541.3
2026-03-22T10:10:02.193545+00:00,29.3,38.1,1055.9
2026-03-22T10:10:03.193781+00:00,35.0,53.9,1073.6
2026-03-22T10:10:04.194611+00:00,26.9,34.4,1058.5
2026-03-22T10:10:05.195380+00:00,25.2,60.7,646.5
2026-03-22T10:10:06.196151+00:00,28.9,54.0,822.0
2026-03-22T10:10:07.196483+00:00,21.8,60.3,886.1
2026-03-22T10:10:08.197140+00:00,21.9,34.4,430.9
2026-03-22T10:10:09.198277+00:00,25.2,67.9,739.5
2026-03-22T10:10:10.198908+00:00,27.6,44.1,1121.5
2026-03-22T10:10:11.200272+00:00,22.0,65.6,407.4
2026-03-22T10:10:12.201466+00:00,32.4,51.1,1048.8
2026-03-22T10:10:13.201772+00:00,34.7,59.5,422.9
2026-03-22T10:10:14.202743+00:00,20.1,46.0,321.8
2026-03-22T10:10:15.203739+00:00,20.5,31.1,744.9
2026-03-22T10:10:16.204865+00:00,33.1,57.7,984.4
2026-03-22T10:10:17.205185+00:00,33.9,40.7,626.2
2026-03-22T10:10:18.205703+00:00,28.1,58.9,576.2
2026-03-22T10:10:19.206801+00:00,22.0,47.7,1198.2
2026-03-22T10:10:20.207518+00:00,27.0,50.8,390.1
2026-03-22T10:10:21.208032+00:00,31.6,64.8,413.6
2026-03-22T10:10:22.209206+00:00,29.5,35.3,420.2
2026-03-22T10:10:23.210003+00:00,21.8,34.5,1032.7
2026-03-22T10:10:24.210418+00:00,30.7,67.9,773.8
2026-03-22T10:10:25.211316+00:00,26.2,69.8,1090.8
2026-03-22T10:10:26.211753+00:00,27.9,60.8,431.1
2026-03-22T10:10:27.212327+00:00,24.4,35.0,1076.8
2026-03-22T10:10:28.213013+00:00,21.9,61.4,324.5
2026-03-22T10:10:29.213938+00:00,33.3,31.7,562.6
2026-03-22T10:10:30.214726+00:00,32.3,69.9,537.3
2026-03-22T10:10:31.215449+00:00,33.1,40.4,1111.5
2026-03-22T10:10:32.215934+00:00,24.3,53.7,910.4
2026-03-22T10:10:33.216501+00:00,24.6,34.3,1026.4
2026-03-22T10:10:34.217080+00:00,23.4,38.3,978.1
2026-03-22T10:10:35.217724+00:00,29.9,68.2,665.0
2026-03-22T10:10:36.218472+00:00,28.6,35.7,816.8
2026-03-22T10:10:37.218915+00:00,30.1,61.7,696.1
2026-03-22T10:10:38.219732+00:00,20.7,40.4,1131.6
2026-03-22T10:10:39.220041+00:00,29.2,33.7,778.9
2026-03-22T10:10:40.220686+00:00,27.6,52.6,406.2
2026-03-22T10:10:41.222032+00:00,23.6,30.0,819.4
2026-03-22T10:10:42.223299+00:00,26.7,69.2,941.4
2026-03-22T10:10:43.223983+00:00,21.5,55.3,763.2
2026-03-22T10:10:44.224659+00:00,21.9,46.8,442.2
2026-03-22T10:10:45.225410+00:00,32.9,67.1,940.0
2026-03-22T10:10:46.225726+00:00,22.4,40.5,773.2
2026-03-22T10:10:47.226362+00:00,21.1,50.6,567.0
2026-03-22T10:10:48.227189+00:00,34.2,64.2,449.3
2026-03-22T10:10:49.228188+00:00,32.9,66.8,750.8
2026-03-22T10:10:50.228788+00:00,22.2,58.2,386.7
2026-03-22T10:10:51.229312+00:00,32.3,45.6,595.6
2026-03-22T10:10:52.230156+00:00,31.3,33.7,989.5
2026-03-22T10:10:53.230769+00:00,34.4,30.0,433.1
2026-03-22T10:10:54.232064+00:00,28.8,59.5,309.3
2026-03-22T10:10:55.232676+00:00,21.5,63.6,775.8
2026-03-22T10:10:56.233065+00:00,24.7,41.3,454.2
2026-03-22T10:10:57.235250+00:00,34.5,43.6,444.5
2026-03-22T10:10:58.237172+00:00,20.5,46.7,591.2
2026-03-22T10:10:59.238744+00:00,31.1,46.7,307.7
2026-03-22T10:11:00.250716+00:00,22.0,34.7,940.1
2026-03-22T10:11:01.251421+00:00,29.0,39.6,1018.9
2026-03-22T10:11:02.251945+00:00,28.2,49.1,1154.5
2026-03-22T10:11:03.252449+00:00,31.6,31.1,460.9
2026-03-22T10:11:04.253440+00:00,33.9,37.9,1092.9
2026-03-22T10:11:05.253778+00:00,25.7,56.9,364.7
2026-03-22T10:11:06.254763+00:00,27.7,34.2,898.2
2026-03-22T10:11:07.254960+00:00,20.8,45.0,494.8
2026-03-22T10:11:08.255801+00:00,21.3,40.5,1071.2
2026-03-22T10:11:09.255980+00:00,28.3,56.8,358.0
2026-03-22T10:11:10.256859+00:00,28.5,53.0,632.4
2026-03-22T10:11:11.257666+00:00,31.9,60.0,475.1
2026-03-22T10:11:12.258250+00:00,28.5,48.8,924.6
2026-03-22T10:11:13.260139+00:00,26.2,49.9,986.3
2026-03-22T10:11:14.261129+00:00,20.5,50.2,352.6
2026-03-22T10:11:15.261767+00:00,28.6,31.7,1014.3
2026-03-22T10:11:16.262321+00:00,33.2,67.1,1117.9
2026-03-22T10:11:17.263580+00:00,23.0,39.0,682.6
2026-03-22T10:11:18.264240+00:00,27.1,63.7,676.5
2026-03-22T10:11:19.264679+00:00,23.4,63.5,1037.4
2026-03-22T10:11:20.265554+00:00,22.2,66.1,569.2
2026-03-22T10:11:21.266433+00:00,21.1,30.8,1112.7
2026-03-22T10:11:22.267323+00:00,21.6,65.5,665.7
2026-03-22T10:11:23.267800+00:00,30.9,46.1,826.6
2026-03-22T10:11:24.268405+00:00,34.6,45.8,708.1
2026-03-22T10:11:25.269448+00:00,27.5,66.6,891.3
2026-03-22T10:11:26.270533+00:00,20.6,31.6,1048.9
2026-03-22T10:11:27.271492+00:00,26.4,58.7,977.5
2026-03-22T10:11:28.272014+00:00,23.3,53.9,1061.3
2026-03-22T10:11:29.273279+00:00,20.5,46.8,536.3
2026-03-22T10:11:30.297542+00:00,25.1,67.9,976.3
2026-03-22T10:11:31.299039+00:00,29.9,64.0,396.7
2026-03-22T10:11:32.300003+00:00,34.7,63.3,734.7
2026-03-22T10:11:33.300802+00:00,34.3,44.7,997.0
2026-03-22T10:11:34.301372+00:00,27.4,56.9,950.6
2026-03-22T10:11:35.302777+00:00,26.4,38.5,624.3
2026-03-22T10:11:36.303408+00:00,21.0,34.2,378.0
2026-03-22T10:11:37.303803+00:00,30.3,61.3,584.8
2026-03-22T10:11:38.304725+00:00,21.7,69.4,453.1
2026-03-22T10:11:39.307182+00:00,34.7,61.4,603.9
2026-03-22T10:11:40.308514+00:00,26.9,61.4,935.0
2026-03-22T10:11:41.310197+00:00,33.9,41.8,488.0
2026-03-22T10:11:42.311421+00:00,22.0,59.9,936.1
2026-03-22T10:11:43.313201+00:00,32.2,67.3,1054.9
2026-03-22T10:11:44.314042+00:00,24.4,54.1,980.2
2026-03-22T10:11:45.314661+00:00,23.5,48.1,850.5
2026-03-22T10:12:44.026821+00:00,33.7,45.6,672.0
2026-03-22T10:12:45.027932+00:00,30.2,60.8,359.4
2026-03-22T10:12:46.028945+00:00,27.7,36.1,897.6
2026-03-22T10:12:47.029722+00:00,26.4,44.5,1104.4
2026-03-22T10:12:48.030889+00:00,32.6,48.8,494.3
2026-03-22T10:12:49.032003+00:00,23.4,54.3,602.2
2026-03-22T10:12:50.032248+00:00,20.4,62.4,306.2
2026-03-22T10:12:51.033698+00:00,27.0,52.3,985.6
2026-03-22T10:12:52.034639+00:00,30.7,30.8,948.4
2026-03-22T10:12:53.035300+00:00,30.5,43.7,341.8
2026-03-22T10:12:54.036230+00:00,34.2,66.9,812.4
2026-03-22T10:12:55.036392+00:00,25.2,61.5,324.5
2026-03-22T10:12:56.037267+00:00,69.2,95.0,1710.0
2026-03-22T10:12:57.037512+00:00,24.1,56.7,822.9
2026-03-22T10:12:58.038834+00:00,31.2,31.4,568.4
2026-03-22T10:12:59.046988+00:00,34.9,32.6,535.8
2026-03-22T10:13:00.049359+00:00,21.4,43.8,917.6
2026-03-22T10:13:01.049516+00:00,22.9,31.5,1174.5
2026-03-22T10:13:02.051106+00:00,30.7,56.7,1172.5
2026-03-22T10:13:03.052124+00:00,22.8,44.2,583.0
2026-03-22T10:13:04.053452+00:00,24.5,43.9,534.8
2026-03-22T10:13:05.054028+00:00,34.3,31.2,930.8
2026-03-22T10:13:06.054976+00:00,65.7,88.2,1596.8
2026-03-22T10:13:07.055640+00:00,28.9,50.5,401.7
2026-03-22T10:13:08.055979+00:00,25.5,61.9,659.0
2026-03-22T10:13:09.056921+00:00,20.4,31.1,1094.1
2026-03-22T10:13:10.057975+00:00,33.2,61.4,470.1
2026-03-22T10:13:11.058894+00:00,32.4,45.0,1157.0
2026-03-22T10:13:12.059360+00:00,25.9,44.5,991.8
2026-03-22T10:13:13.059936+00:00,30.8,36.2,786.8
2026-03-22T10:13:14.060344+00:00,24.1,40.6,1032.8
2026-03-22T10:13:15.060888+00:00,29.1,38.0,494.6
2026-03-22T10:13:16.062239+00:00,30.6,60.2,655.5
2026-03-22T10:13:17.063117+00:00,31.3,60.3,379.1
2026-03-22T10:13:18.064176+00:00,28.4,64.4,415.8
2026-03-22T10:13:19.064813+00:00,29.0,44.1,308.7
2026-03-22T10:13:20.066171+00:00,25.4,64.6,807.4
2026-03-22T10:13:21.067419+00:00,27.1,37.6,356.7
2026-03-22T10:13:22.070882+00:00,32.0,56.5,846.0
2026-03-22T10:13:23.072028+00:00,30.9,45.6,400.5
2026-03-22T10:13:24.073217+00:00,32.4,62.3,741.2
2026-03-22T10:13:25.074117+00:00,26.5,67.7,387.9
2026-03-22T10:13:26.075055+00:00,24.5,52.4,1052.0
2026-03-22T10:13:27.075375+00:00,34.3,44.6,876.6
2026-03-22T10:13:28.076101+00:00,34.5,66.6,400.3
2026-03-22T10:13:29.076918+00:00,31.2,66.4,1008.5
2026-03-22T10:13:30.077867+00:00,30.2,57.2,795.3
2026-03-22T10:13:31.078654+00:00,31.2,49.1,769.4
2026-03-22T10:13:32.079843+00:00,34.7,67.1,842.8
2026-03-22T10:13:33.080351+00:00,30.6,65.9,829.2
2026-03-22T10:13:34.080954+00:00,57.6,99.4,1746.9
2026-03-22T10:13:35.081990+00:00,32.6,40.9,835.2
2026-03-22T10:13:36.082825+00:00,27.2,30.7,897.2
2026-03-22T10:13:37.083805+00:00,30.5,41.4,1049.2
2026-03-22T10:13:38.084534+00:00,32.3,30.9,423.7
2026-03-22T10:13:39.084999+00:00,24.6,49.3,896.6
2026-03-22T10:13:40.086149+00:00,22.5,57.5,460.3
2026-03-22T10:13:41.087239+00:00,32.2,51.9,427.3
2026-03-22T10:13:42.088344+00:00,26.4,46.3,1106.2
2026-03-22T10:13:43.089095+00:00,32.1,49.1,1057.1
2026-03-22T10:13:44.089765+00:00,27.3,58.4,726.8
2026-03-22T10:13:45.090444+00:00,25.3,46.9,1012.6
2026-03-22T10:13:46.091148+00:00,21.0,42.6,1073.4
2026-03-22T10:13:47.091916+00:00,32.2,56.0,528.4
2026-03-22T10:13:48.092914+00:00,23.7,70.0,453.7
2026-03-22T10:13:49.093731+00:00,23.3,50.7,472.8
2026-03-22T10:13:50.094317+00:00,29.7,30.5,1100.6
2026-03-22T10:13:51.094922+00:00,25.6,35.2,1055.8
2026-03-22T10:13:52.095668+00:00,32.6,46.1,637.8
2026-03-22T10:13:53.096300+00:00,26.6,62.4,642.4
2026-03-22T10:13:54.097063+00:00,23.3,37.1,386.1
2026-03-22T10:13:55.097645+00:00,29.4,68.5,1045.4
2026-03-22T10:13:56.097973+00:00,23.3,45.0,788.8
2026-03-22T10:13:57.098588+00:00,25.3,49.9,439.0
2026-03-22T10:13:58.099165+00:00,23.6,36.7,895.2
2026-03-22T10:13:59.100039+00:00,69.6,95.5,1608.5
2026-03-22T10:14:00.101201+00:00,30.8,57.9,499.1
2026-03-22T10:14:01.112262+00:00,33.3,46.5,730.2
2026-03-22T10:14:02.113389+00:00,58.4,89.1,1970.8
2026-03-22T10:14:03.113713+00:00,32.1,34.7,411.4
2026-03-22T10:14:04.114812+00:00,31.0,54.9,429.6
2026-03-22T10:14:05.115573+00:00,34.6,38.4,1180.1
2026-03-22T10:14:06.116343+00:00,65.0,94.8,1895.9
2026-03-22T10:14:07.117442+00:00,24.3,47.7,990.1
2026-03-22T10:14:08.118073+00:00,27.6,59.4,326.6
2026-03-22T10:14:09.118418+00:00,27.0,51.4,413.2
2026-03-22T10:14:10.119149+00:00,25.5,44.2,753.1
2026-03-22T10:14:11.120058+00:00,20.8,46.1,925.6
2026-03-22T10:14:12.120568+00:00,32.5,35.8,759.9
2026-03-22T10:14:13.121109+00:00,29.6,53.9,493.8
2026-03-22T10:14:14.121952+00:00,32.3,69.7,1056.4
2026-03-22T10:14:15.122447+00:00,32.6,64.6,1154.7
2026-03-22T10:14:16.123234+00:00,32.0,69.8,526.9
2026-03-22T10:14:17.123672+00:00,30.2,48.2,1108.7
2026-03-22T10:14:18.124604+00:00,32.6,45.5,858.7
2026-03-22T10:14:19.124765+00:00,26.3,36.9,511.7
2026-03-22T10:14:20.125242+00:00,57.2,88.4,1900.1
2026-03-22T10:14:21.125935+00:00,29.9,39.1,600.2
2026-03-22T10:14:22.126802+00:00,33.3,68.7,491.9
2026-03-22T10:14:23.128256+00:00,20.3,43.6,554.6
2026-03-22T10:14:24.128609+00:00,26.5,31.8,817.5
2026-03-22T10:14:25.129424+00:00,27.4,64.2,776.8
2026-03-22T10:14:26.130569+00:00,58.0,95.4,1618.5
2026-03-22T10:14:27.152184+00:00,23.1,54.0,604.8
2026-03-22T10:14:28.152962+00:00,21.6,53.5,1181.2
2026-03-22T10:14:29.153617+00:00,31.5,45.7,444.4
2026-03-22T10:14:30.154100+00:00,67.6,90.1,1767.5
2026-03-22T10:14:31.155424+00:00,29.2,55.8,867.5
2026-03-22T10:14:32.155562+00:00,22.1,51.2,905.7
2026-03-22T10:14:33.156663+00:00,23.3,56.8,857.8
2026-03-22T10:14:34.156797+00:00,32.0,55.7,941.5
2026-03-22T10:14:35.157650+00:00,34.3,47.0,861.0
2026-03-22T10:14:36.158536+00:00,29.9,54.6,607.0
2026-03-22T10:14:37.159114+00:00,22.3,31.4,748.8
2026-03-22T10:14:38.159703+00:00,29.2,53.5,624.4
2026-03-22T10:14:39.160572+00:00,32.3,58.5,788.6
2026-03-22T10:14:40.161081+00:00,55.4,97.8,1827.9
2026-03-22T10:14:41.161572+00:00,22.1,46.5,854.6
2026-03-22T10:14:42.162535+00:00,27.5,52.6,635.1
2026-03-22T10:14:43.162932+00:00,32.3,35.8,461.4
2026-03-22T10:14:44.163861+00:00,27.3,33.0,330.6
2026-03-22T10:14:45.164801+00:00,26.4,33.8,639.5
2026-03-22T10:14:46.165446+00:00,22.5,59.2,789.4
2026-03-22T10:14:47.166391+00:00,20.3,44.3,1018.5
2026-03-22T10:14:48.167079+00:00,23.5,64.7,352.4
2026-03-22T10:14:49.167743+00:00,30.2,54.7,910.8
2026-03-22T10:14:50.168725+00:00,20.1,46.6,623.5
2026-03-22T10:14:51.169524+00:00,22.1,70.0,571.8
2026-03-22T10:14:52.170514+00:00,31.0,34.5,409.5
2026-03-22T10:14:53.170641+00:00,23.7,57.9,1055.9
2026-03-22T10:14:54.171400+00:00,27.2,57.4,539.9
2026-03-22T10:14:55.172077+00:00,30.2,47.7,322.3
2026-03-22T10:14:56.172956+00:00,21.1,52.3,483.4
2026-03-22T10:14:57.173468+00:00,27.6,36.9,754.8
2026-03-22T10:14:58.174684+00:00,66.3,98.0,1771.9
2026-03-22T10:14:59.175192+00:00,33.6,54.9,936.2
2026-03-22T10:15:00.175510+00:00,27.0,41.0,933.7
2026-03-22T10:15:01.176658+00:00,30.2,58.1,970.5
2026-03-22T10:15:02.177142+00:00,22.1,55.4,842.5
2026-03-22T10:15:03.177210+00:00,26.5,64.7,441.5
2026-03-22T10:15:04.177724+00:00,20.5,41.5,1094.5
2026-03-22T10:15:05.178561+00:00,25.8,59.8,1157.6
2026-03-22T10:15:06.179598+00:00,28.3,64.9,772.9
2026-03-22T10:15:07.180422+00:00,20.8,65.6,491.1
2026-03-22T10:15:08.187025+00:00,28.5,55.7,971.4
2026-03-22T10:15:09.188119+00:00,31.4,55.0,381.9
2026-03-22T10:15:10.188898+00:00,55.0,85.9,1728.3
2026-03-22T10:15:11.189828+00:00,26.2,64.8,993.2
2026-03-22T10:15:12.190590+00:00,24.3,45.1,756.7
2026-03-22T10:15:13.191448+00:00,32.9,31.3,773.0
2026-03-22T10:15:14.192320+00:00,24.2,31.8,561.1
2026-03-22T10:15:15.192958+00:00,29.2,63.0,811.6
2026-03-22T10:15:16.193718+00:00,28.0,51.4,405.2
2026-03-22T10:15:17.194694+00:00,27.1,58.6,909.9
2026-03-22T10:15:18.195440+00:00,29.1,58.8,497.6
2026-03-22T10:15:19.195962+00:00,30.5,33.3,308.9
2026-03-22T10:15:20.196845+00:00,29.5,52.3,985.4
2026-03-22T10:15:21.197673+00:00,27.4,56.5,522.4
2026-03-22T10:15:22.198461+00:00,34.5,50.0,571.5
2026-03-22T10:15:23.199045+00:00,27.6,48.3,303.4
2026-03-22T10:15:24.199461+00:00,25.5,35.9,635.6
2026-03-22T10:15:25.200129+00:00,33.0,39.3,445.2
2026-03-22T10:15:26.200924+00:00,33.6,50.0,532.8
2026-03-22T10:15:27.201541+00:00,27.9,31.8,417.7
2026-03-22T10:15:28.202578+00:00,29.1,34.0,1049.2
2026-03-22T10:15:29.203259+00:00,20.6,41.2,741.4
2026-03-22T10:15:30.204105+00:00,30.4,46.4,1171.6
2026-03-22T10:15:31.205582+00:00,27.7,47.4,432.9
2026-03-22T10:15:32.206176+00:00,27.9,52.8,669.3
2026-03-22T10:15:33.206529+00:00,26.9,49.1,1046.1
2026-03-22T10:15:34.207453+00:00,31.9,52.5,1015.2
2026-03-22T10:15:35.208330+00:00,27.8,48.3,718.0
2026-03-22T10:15:36.208948+00:00,32.8,39.9,711.8
2026-03-22T10:15:37.209634+00:00,32.5,56.0,806.0
2026-03-22T10:15:38.210385+00:00,25.5,59.3,649.7
2026-03-22T10:15:39.210912+00:00,26.5,32.6,1102.2
2026-03-22T10:15:40.211813+00:00,28.6,62.4,573.6
2026-03-22T10:15:41.212497+00:00,31.7,39.9,338.8
2026-03-22T10:15:42.213224+00:00,34.2,61.3,581.9
2026-03-22T10:15:43.213503+00:00,20.9,68.4,1120.8
2026-03-22T10:15:44.214013+00:00,28.4,66.8,429.1
2026-03-22T10:15:45.214559+00:00,33.5,39.8,812.9
2026-03-22T10:15:46.215333+00:00,21.9,47.2,650.6
2026-03-22T10:15:47.215972+00:00,22.8,35.7,784.3
2026-03-22T10:15:48.216423+00:00,34.9,56.8,891.5
2026-03-22T10:15:49.216674+00:00,22.3,33.8,636.9
2026-03-22T10:15:50.217099+00:00,34.9,43.6,831.9
2026-03-22T10:15:51.217777+00:00,65.4,95.2,1727.5
2026-03-22T10:15:52.218008+00:00,64.2,91.0,1739.3
2026-03-22T10:15:53.219410+00:00,28.9,51.3,951.3
2026-03-22T10:15:54.219895+00:00,28.9,53.7,1117.3
2026-03-22T10:21:05.760357+00:00,29.9,53.6,436.7
2026-03-22T10:21:06.761508+00:00,22.7,67.5,540.1
2026-03-22T10:21:07.762508+00:00,28.7,65.6,838.7
2026-03-22T10:21:08.763069+00:00,23.5,33.0,1087.2
2026-03-22T10:21:09.764036+00:00,32.7,35.9,743.5
2026-03-22T10:21:10.765318+00:00,24.6,47.8,666.1
2026-03-22T10:21:11.765904+00:00,33.4,38.8,424.6
2026-03-22T10:21:12.766657+00:00,20.4,45.2,601.6
2026-03-22T10:21:13.767430+00:00,28.3,47.3,739.9
2026-03-22T10:21:14.768009+00:00,30.9,67.4,759.8
2026-03-22T10:21:15.768812+00:00,65.2,90.1,1656.5
2026-03-22T10:21:16.769953+00:00,23.9,61.8,760.3
2026-03-22T10:21:17.770356+00:00,30.1,31.5,1131.0
2026-03-22T10:21:18.771416+00:00,29.6,48.1,775.0
2026-03-22T10:21:19.772179+00:00,56.7,86.6,1773.2
2026-03-22T10:21:20.772604+00:00,31.0,40.8,1081.1
2026-03-22T10:21:21.773528+00:00,34.4,39.2,523.7
2026-03-22T10:21:22.774414+00:00,33.5,52.9,547.9
2026-03-22T10:21:23.775507+00:00,27.8,47.2,864.6
2026-03-22T10:21:24.776077+00:00,30.9,38.6,369.5
2026-03-22T10:21:25.777399+00:00,25.8,38.0,1049.5
2026-03-22T10:21:26.778143+00:00,26.3,69.1,372.8
2026-03-22T10:21:27.779012+00:00,32.0,51.7,978.5
2026-03-22T10:21:28.779961+00:00,28.9,46.0,619.2
2026-03-22T10:21:29.780706+00:00,25.2,47.4,988.7
2026-03-22T10:21:30.780764+00:00,27.2,60.6,354.2
2026-03-22T10:21:31.781685+00:00,27.6,48.2,891.4
2026-03-22T10:21:32.782688+00:00,29.4,65.9,1074.4
2026-03-22T10:21:33.783142+00:00,25.2,40.8,1080.6
2026-03-22T10:21:34.783910+00:00,25.1,55.7,307.3
2026-03-22T10:21:35.784330+00:00,26.0,37.4,537.1
2026-03-22T10:21:36.784712+00:00,32.2,43.1,822.0
2026-03-22T10:21:37.786030+00:00,20.9,49.0,577.5
2026-03-22T10:21:38.786606+00:00,34.4,64.9,463.7
2026-03-22T10:21:39.787942+00:00,24.3,62.6,1071.4
2026-03-22T10:21:40.788670+00:00,21.3,37.0,301.9
2026-03-22T10:21:41.789152+00:00,20.7,68.3,1154.2
2026-03-22T10:21:42.789590+00:00,30.9,48.4,649.7
2026-03-22T10:21:43.790727+00:00,23.5,48.4,1148.3
2026-03-22T10:21:44.792279+00:00,22.2,36.0,994.0
2026-03-22T10:21:45.793118+00:00,23.9,34.1,1178.1
2026-03-22T10:21:46.793937+00:00,28.4,61.9,477.4
2026-03-22T10:21:47.795187+00:00,21.8,67.7,634.4
2026-03-22T10:21:48.795308+00:00,34.8,30.2,946.3
2026-03-22T10:21:49.796606+00:00,32.3,37.3,1176.0
2026-03-22T10:21:50.796821+00:00,65.8,96.6,1806.0
2026-03-22T10:21:51.797840+00:00,29.9,44.8,993.7
2026-03-22T10:21:52.800555+00:00,27.0,54.3,327.7
2026-03-22T10:21:53.801045+00:00,61.5,90.0,1806.0
2026-03-22T10:21:54.802298+00:00,64.6,99.7,1585.5
2026-03-22T10:21:55.802824+00:00,22.2,32.1,744.6
2026-03-22T10:21:56.803988+00:00,33.4,66.5,661.6
2026-03-22T10:21:57.805592+00:00,60.3,93.5,1500.4
2026-03-22T10:21:58.808690+00:00,30.6,44.6,1072.5
2026-03-22T10:21:59.809421+00:00,32.6,32.2,858.6
2026-03-22T10:22:00.809933+00:00,27.3,43.8,661.7
2026-03-22T10:22:01.810471+00:00,33.7,46.2,833.1
2026-03-22T10:22:02.811565+00:00,28.6,62.4,1052.2
2026-03-22T10:22:03.812348+00:00,34.7,45.0,426.6
2026-03-22T10:22:04.813449+00:00,26.4,47.5,756.7
2026-03-22T10:22:05.813731+00:00,31.8,30.5,861.7
2026-03-22T10:22:06.819806+00:00,30.8,69.6,936.4
2026-03-22T10:22:07.826003+00:00,25.4,46.9,1185.8
2026-03-22T10:22:08.827236+00:00,30.5,46.1,612.4
2026-03-22T10:22:09.827897+00:00,23.7,63.9,929.5
2026-03-22T10:22:10.827981+00:00,23.0,56.3,797.1
2026-03-22T10:22:11.829068+00:00,27.4,34.8,866.1
2026-03-22T10:22:12.829880+00:00,24.3,36.3,819.9
2026-03-22T10:22:13.830752+00:00,24.8,53.1,1186.0
2026-03-22T10:22:14.831988+00:00,27.7,55.8,990.2
2026-03-22T10:22:15.832572+00:00,31.3,50.5,568.2
2026-03-22T10:22:16.833943+00:00,25.2,47.6,940.1
2026-03-22T10:22:17.834916+00:00,21.5,37.6,339.1
2026-03-22T10:22:18.835166+00:00,23.1,64.9,866.7
2026-03-22T10:22:19.835950+00:00,24.4,69.3,991.1
2026-03-22T10:22:20.837166+00:00,26.8,32.1,690.8
2026-03-22T10:22:21.837858+00:00,29.9,61.8,649.5
2026-03-22T10:22:22.839108+00:00,23.3,39.1,646.6
2026-03-22T10:22:23.840136+00:00,22.1,35.4,917.3
2026-03-22T10:22:24.841403+00:00,27.2,32.7,1044.3
2026-03-22T10:22:25.842314+00:00,61.1,88.6,1544.0
2026-03-22T10:22:26.846305+00:00,20.4,41.7,754.7
2026-03-22T10:22:27.848215+00:00,30.9,66.1,689.1
2026-03-22T10:22:28.849669+00:00,22.2,44.4,999.8
2026-03-22T10:22:29.861752+00:00,26.2,33.7,1131.8
2026-03-22T10:22:30.862882+00:00,60.3,95.2,1542.2
2026-03-22T10:22:31.863561+00:00,31.2,43.9,387.2
2026-03-22T10:22:32.863960+00:00,31.3,43.7,491.7
2026-03-22T10:22:33.889957+00:00,23.3,48.0,1002.1
2026-03-22T10:22:34.891102+00:00,30.9,53.1,972.2
2026-03-22T10:22:35.893927+00:00,29.8,42.6,339.5
2026-03-22T10:22:36.894335+00:00,30.9,43.3,328.3
2026-03-22T10:22:37.896162+00:00,61.7,94.8,1893.3
2026-03-22T10:22:38.897384+00:00,27.7,64.4,353.8
2026-03-22T10:22:39.897987+00:00,57.9,87.6,1633.2
2026-03-22T10:22:40.899949+00:00,34.3,50.1,1037.5
2026-03-22T10:22:41.899807+00:00,69.2,85.5,1814.2
2026-03-22T10:22:42.901771+00:00,60.6,99.6,1751.6
2026-03-22T10:22:43.902961+00:00,27.2,64.3,821.4
2026-03-22T10:22:44.903822+00:00,27.5,46.1,496.2
2026-03-22T10:22:45.905026+00:00,21.9,58.3,317.8
2026-03-22T10:22:46.905724+00:00,29.9,30.5,480.1
2026-03-22T10:22:47.906703+00:00,27.9,46.2,442.0
2026-03-22T10:22:48.907570+00:00,30.2,63.2,1197.4
2026-03-22T10:22:49.908708+00:00,23.2,52.0,830.3
2026-03-22T10:22:50.909280+00:00,29.3,31.4,707.5
2026-03-22T10:22:51.909958+00:00,20.1,30.3,628.7
2026-03-22T10:22:52.911501+00:00,27.3,69.9,362.1
2026-03-22T10:22:53.912700+00:00,56.7,89.0,1741.9
2026-03-22T10:22:54.914434+00:00,20.2,59.4,1039.9
2026-03-22T10:22:55.914736+00:00,32.4,51.8,318.5
2026-03-22T10:22:56.914818+00:00,29.5,37.9,1163.5
2026-03-22T10:22:57.916132+00:00,32.0,55.0,1063.5
2026-03-22T10:22:58.917683+00:00,68.0,99.5,1906.2
2026-03-22T10:22:59.918610+00:00,21.2,40.2,386.3
2026-03-22T10:23:00.918829+00:00,66.4,91.0,1999.5
2026-03-22T10:23:01.920417+00:00,25.1,56.6,1063.0
2026-03-22T10:23:02.921164+00:00,30.8,61.1,1158.8
2026-03-22T10:23:03.922205+00:00,22.0,32.1,1121.9
2026-03-22T10:23:04.922990+00:00,33.0,51.7,438.5
2026-03-22T10:23:05.923591+00:00,22.5,64.4,884.9
2026-03-22T10:23:06.924714+00:00,66.8,89.9,1709.8
2026-03-22T10:23:07.925237+00:00,21.5,36.4,523.6
2026-03-22T10:23:08.926518+00:00,29.0,48.1,585.2
2026-03-22T10:23:09.927105+00:00,21.0,45.9,428.5
2026-03-22T10:23:10.927963+00:00,59.4,93.0,1615.5
2026-03-22T10:23:11.929071+00:00,59.4,95.9,1535.8
2026-03-22T10:23:12.929869+00:00,32.7,61.4,561.1
2026-03-22T10:23:13.931498+00:00,23.6,39.0,696.3
2026-03-22T10:23:14.932663+00:00,21.2,44.0,834.6
2026-03-22T10:23:15.933783+00:00,30.2,55.5,741.1
2026-03-22T10:23:16.934428+00:00,24.4,35.5,355.9
2026-03-22T10:23:17.935499+00:00,33.3,57.9,585.1
2026-03-22T10:23:18.936038+00:00,30.8,62.9,528.1
2026-03-22T10:23:19.936392+00:00,25.5,36.7,661.5
2026-03-22T10:23:20.937370+00:00,32.0,32.9,816.9
2026-03-22T10:23:21.938517+00:00,61.3,97.3,1617.5
2026-03-22T10:23:22.938524+00:00,30.4,58.1,325.7
2026-03-22T10:23:23.939746+00:00,32.4,63.0,579.1
2026-03-22T10:23:24.940139+00:00,26.8,67.1,482.9
2026-03-22T10:23:25.940876+00:00,33.4,49.9,656.1
2026-03-22T10:23:26.942095+00:00,22.3,65.1,1157.5
2026-03-22T10:23:27.943035+00:00,30.1,43.6,492.4
2026-03-22T10:23:28.943213+00:00,25.2,38.6,347.3
2026-03-22T10:23:29.944445+00:00,20.2,31.7,533.9
2026-03-22T10:23:30.945414+00:00,24.1,51.7,430.0
2026-03-22T10:23:31.945640+00:00,25.0,49.1,593.4
2026-03-22T10:23:32.946678+00:00,24.7,49.6,1073.7
2026-03-22T10:23:33.947325+00:00,34.4,39.6,937.5
2026-03-22T10:23:34.948209+00:00,25.0,51.4,323.6
2026-03-22T10:23:35.948412+00:00,30.6,65.3,879.4
2026-03-22T10:23:36.949612+00:00,24.4,56.6,667.1
2026-03-22T10:23:37.963502+00:00,29.7,34.1,1053.8
2026-03-22T10:23:38.964497+00:00,33.4,63.7,802.6
2026-03-22T10:23:39.965695+00:00,31.8,35.7,1067.5
2026-03-22T10:23:40.966468+00:00,29.9,42.6,986.9
2026-03-22T10:23:41.966717+00:00,20.5,62.1,971.3
2026-03-22T10:23:42.967170+00:00,30.6,47.9,1004.0
2026-03-22T10:23:43.970095+00:00,20.4,66.8,610.6
2026-03-22T10:23:44.970505+00:00,23.8,32.3,876.2
2026-03-22T10:23:45.971134+00:00,60.2,86.2,1806.1
2026-03-22T10:23:46.971648+00:00,25.9,46.3,510.8
2026-03-22T10:23:47.972316+00:00,32.3,42.4,371.2
2026-03-22T10:23:48.973593+00:00,25.7,30.5,850.8
2026-03-22T10:23:49.978457+00:00,30.4,53.9,943.1
2026-03-22T10:23:50.979163+00:00,27.9,67.6,429.1
2026-03-22T10:23:51.979877+00:00,29.1,44.0,538.3
2026-03-22T10:23:52.980308+00:00,21.4,38.4,1127.4
2026-03-22T10:23:53.980818+00:00,31.4,57.1,444.8
2026-03-22T10:23:54.981675+00:00,62.0,92.8,1759.4
2026-03-22T10:23:55.982597+00:00,21.9,40.5,1056.7
2026-03-22T10:23:56.983178+00:00,29.0,62.8,857.3
2026-03-22T10:23:57.983711+00:00,22.7,51.4,455.7
2026-03-22T10:23:58.984369+00:00,27.9,45.9,582.6
2026-03-22T10:23:59.985311+00:00,24.5,47.3,532.1
2026-03-22T10:24:00.985795+00:00,27.1,36.3,782.8
2026-03-22T10:24:01.986854+00:00,28.1,39.0,806.0
2026-03-22T10:24:02.987638+00:00,20.1,36.9,801.6
2026-03-22T10:24:03.988586+00:00,28.9,56.4,831.3
2026-03-22T10:24:04.988718+00:00,22.9,54.9,307.5
2026-03-22T10:24:05.989307+00:00,24.8,42.9,495.2
2026-03-22T10:24:06.989627+00:00,20.9,45.7,319.3
2026-03-22T10:24:07.990120+00:00,34.9,50.4,1007.1
2026-03-22T10:24:08.990858+00:00,33.1,30.6,941.1
2026-03-22T10:24:09.991312+00:00,23.5,43.0,898.3
2026-03-22T10:24:10.991549+00:00,21.1,35.6,1122.6
2026-03-22T10:24:11.992035+00:00,22.1,53.5,734.7
2026-03-22T10:24:12.992430+00:00,33.9,61.4,505.8
2026-03-22T10:24:13.993942+00:00,26.1,64.9,836.7
2026-03-22T10:24:14.994740+00:00,33.7,35.6,1007.6
2026-03-22T10:24:15.996770+00:00,33.8,48.7,1133.9
2026-03-22T10:24:16.997662+00:00,34.6,51.5,827.7
2026-03-22T10:24:17.998372+00:00,34.9,42.6,763.4
2026-03-22T10:24:18.999045+00:00,30.8,60.9,1143.5
2026-03-22T10:24:20.000333+00:00,33.3,63.2,672.0
2026-03-22T10:24:21.001361+00:00,28.4,31.3,1120.7
2026-03-22T10:24:22.005844+00:00,29.0,57.3,603.9
2026-03-22T10:24:23.006171+00:00,57.2,99.6,1652.9
2026-03-22T10:24:24.007932+00:00,29.0,57.5,1154.7
2026-03-22T10:24:25.008642+00:00,22.8,53.9,671.0
2026-03-22T10:24:26.009238+00:00,23.2,50.5,706.5
2026-03-22T10:24:27.009885+00:00,33.6,44.4,1153.1
2026-03-22T10:24:28.011072+00:00,24.0,51.8,448.7
2026-03-22T10:24:29.011693+00:00,24.5,48.6,800.7
2026-03-22T10:24:30.012316+00:00,31.8,31.7,464.9
2026-03-22T10:24:31.013369+00:00,24.2,50.1,1005.6
2026-03-22T10:24:32.014379+00:00,20.3,56.4,709.0
2026-03-22T10:24:33.015486+00:00,22.1,32.1,617.7
2026-03-22T10:24:34.016549+00:00,29.2,52.1,1095.5
2026-03-22T10:24:35.017851+00:00,25.8,68.8,900.9
2026-03-22T10:24:36.018370+00:00,29.4,31.3,1177.0
2026-03-22T10:24:37.019725+00:00,30.3,59.6,502.5
2026-03-22T10:24:38.020804+00:00,33.2,38.2,706.4
2026-03-22T10:24:39.021415+00:00,28.5,43.9,551.9
2026-03-22T10:24:40.022862+00:00,31.5,64.5,326.6
2026-03-22T10:24:41.024099+00:00,21.8,37.3,637.8
2026-03-22T10:24:42.025430+00:00,62.3,91.6,1831.7
2026-03-22T10:24:43.028357+00:00,59.0,99.2,1781.7
2026-03-22T10:24:44.030193+00:00,20.2,55.0,351.7
2026-03-22T10:24:45.031301+00:00,30.7,37.3,306.1
2026-03-22T10:24:46.032881+00:00,63.0,92.4,1781.0
2026-03-22T10:24:47.052163+00:00,33.7,32.6,679.1
2026-03-22T10:24:48.052955+00:00,21.6,63.3,870.8
2026-03-22T10:24:49.054385+00:00,21.8,34.8,801.8
2026-03-22T10:24:50.055032+00:00,28.0,69.2,425.4
2026-03-22T10:24:51.055807+00:00,63.8,96.3,1995.4
2026-03-22T10:24:52.056371+00:00,28.3,48.6,763.1
2026-03-22T10:24:53.056897+00:00,65.6,85.9,1549.6
2026-03-22T10:24:54.066297+00:00,60.6,99.7,1766.5
2026-03-22T10:24:55.256238+00:00,62.4,87.1,1915.9
2026-03-22T10:24:56.257132+00:00,34.2,33.7,1179.4
2026-03-22T10:24:57.257714+00:00,33.4,31.0,697.4
2026-03-22T10:24:58.258250+00:00,25.3,65.6,443.0
2026-03-22T10:24:59.258818+00:00,23.4,40.5,757.8
2026-03-22T10:25:00.259303+00:00,29.8,44.0,952.3
2026-03-22T10:25:01.259745+00:00,26.6,50.7,541.8
2026-03-22T10:25:02.260901+00:00,31.1,58.5,519.4
2026-03-22T10:25:03.261318+00:00,27.0,64.4,495.4
2026-03-22T10:25:04.262307+00:00,26.7,45.8,757.1
2026-03-22T10:25:05.263124+00:00,34.3,59.5,961.4
2026-03-22T10:25:06.264987+00:00,22.3,41.0,427.4
2026-03-22T10:25:07.266121+00:00,34.5,60.9,909.2
2026-03-22T10:25:08.267017+00:00,26.7,59.3,565.5
2026-03-22T10:25:09.267751+00:00,29.5,68.5,1196.9
2026-03-22T10:25:10.268856+00:00,27.9,30.2,686.8
2026-03-22T10:25:11.269438+00:00,30.3,58.8,476.3
2026-03-22T10:25:12.270265+00:00,32.2,35.8,1107.9
2026-03-22T10:25:13.271173+00:00,26.4,47.2,905.1
2026-03-22T10:25:14.271861+00:00,24.1,54.0,582.9
2026-03-22T10:25:15.272381+00:00,58.7,94.8,1562.2
2026-03-22T10:25:16.273728+00:00,28.0,53.1,938.2
2026-03-22T10:25:17.274724+00:00,22.1,46.7,313.0
2026-03-22T10:25:18.275479+00:00,28.1,50.9,479.8
2026-03-22T10:25:19.276269+00:00,68.7,96.9,1557.9
2026-03-22T10:25:20.277419+00:00,27.0,58.8,309.1
2026-03-22T10:25:42.298584+00:00,33.2,46.6,1049.7
2026-03-22T10:25:43.299402+00:00,23.8,39.1,336.7
2026-03-22T10:25:44.300593+00:00,22.9,38.2,529.6
2026-03-22T10:25:45.302022+00:00,56.0,99.8,1883.4
2026-03-22T10:25:46.302792+00:00,32.5,52.8,443.2
2026-03-22T10:25:47.302842+00:00,33.0,51.9,784.9
2026-03-22T10:25:48.304540+00:00,23.7,59.1,710.9
2026-03-22T10:25:49.305050+00:00,34.6,38.6,934.8
2026-03-22T10:25:50.306625+00:00,22.7,31.4,677.6
2026-03-22T10:25:51.308063+00:00,22.3,58.4,876.9
2026-03-22T10:25:52.309243+00:00,22.1,68.5,666.8
2026-03-22T10:25:53.310063+00:00,23.3,49.1,320.2
2026-03-22T10:25:54.310856+00:00,23.6,67.2,300.3
2026-03-22T10:25:55.310834+00:00,34.5,39.2,1149.1
2026-03-22T10:25:56.311889+00:00,20.6,67.8,878.1
2026-03-22T10:25:57.312585+00:00,27.0,62.8,1025.9
2026-03-22T10:25:58.313530+00:00,24.0,57.8,895.1
2026-03-22T10:25:59.314140+00:00,34.1,51.6,1162.8
2026-03-22T10:26:00.314990+00:00,23.2,39.1,770.1
2026-03-22T10:26:01.316030+00:00,22.8,67.8,761.3
2026-03-22T10:26:02.318139+00:00,26.1,30.5,709.2
2026-03-22T10:26:03.318955+00:00,60.7,93.1,1667.1
2026-03-22T10:26:04.319799+00:00,20.3,50.8,895.9
2026-03-22T10:26:05.321033+00:00,21.1,30.9,889.3
2026-03-22T10:26:06.322156+00:00,25.9,53.2,1173.8
2026-03-22T10:26:07.322390+00:00,30.0,53.2,980.5
2026-03-22T10:26:08.322805+00:00,23.4,64.7,509.3
2026-03-22T10:26:09.351644+00:00,34.3,48.7,357.3
2026-03-22T10:26:10.353184+00:00,27.1,59.6,862.5
2026-03-22T10:26:11.354125+00:00,34.0,43.4,1083.3
2026-03-22T10:26:12.354930+00:00,31.7,68.8,785.1
2026-03-22T10:26:13.357098+00:00,27.1,51.4,1098.6
2026-03-22T10:26:14.359182+00:00,30.8,69.5,943.8
2026-03-22T10:26:15.360101+00:00,65.8,96.4,1598.9
2026-03-22T10:26:16.360765+00:00,26.1,64.3,876.7
2026-03-22T10:26:17.361623+00:00,21.4,38.5,798.9
2026-03-22T10:26:18.362915+00:00,23.2,68.3,856.5
2026-03-22T10:26:19.363800+00:00,27.4,48.8,1189.7
2026-03-22T10:26:20.363913+00:00,28.7,34.4,303.5
2026-03-22T10:26:21.364822+00:00,30.8,48.7,915.6
2026-03-22T10:26:22.365918+00:00,22.0,31.3,978.8
2026-03-22T10:26:23.366162+00:00,34.1,68.7,981.4
2026-03-22T10:26:24.367388+00:00,25.1,59.6,353.3
2026-03-22T10:26:25.367405+00:00,30.9,58.0,594.2
2026-03-22T10:26:26.368538+00:00,57.0,97.5,1604.5
2026-03-22T10:26:27.368774+00:00,24.5,30.1,1114.1
2026-03-22T10:26:28.370242+00:00,27.4,53.8,637.4
2026-03-22T10:26:29.370567+00:00,69.0,94.8,1556.2
2026-03-22T10:26:30.371614+00:00,20.3,38.9,895.7
2026-03-22T10:26:31.372733+00:00,31.7,31.4,488.0
2026-03-22T10:26:32.373367+00:00,27.9,46.6,733.3
2026-03-22T10:26:33.375187+00:00,33.5,59.9,596.7
2026-03-22T10:26:34.376429+00:00,30.8,55.9,768.4
2026-03-22T10:26:35.376721+00:00,26.4,38.3,1171.7
2026-03-22T10:26:36.377278+00:00,31.3,34.8,431.2
2026-03-22T10:26:37.378243+00:00,26.6,64.5,1133.5
2026-03-22T10:26:38.378912+00:00,30.1,65.6,1067.2
2026-03-22T10:26:39.379672+00:00,21.0,43.5,535.9
2026-03-22T10:26:40.380028+00:00,65.3,89.3,1821.9
2026-03-22T10:26:41.381098+00:00,28.0,66.9,661.3
2026-03-22T10:26:42.381831+00:00,23.6,64.9,812.4
2026-03-22T10:26:43.382382+00:00,62.0,95.3,1877.7
2026-03-22T10:26:44.383097+00:00,34.4,32.9,995.8
2026-03-22T10:26:45.384075+00:00,26.2,68.8,866.8
2026-03-22T10:26:46.385436+00:00,24.4,42.5,509.8
2026-03-22T10:26:47.386067+00:00,27.2,31.8,437.8
2026-03-22T10:26:48.386631+00:00,57.1,88.5,1555.3
2026-03-22T10:26:49.388376+00:00,22.1,64.1,919.9
2026-03-22T10:26:50.389198+00:00,26.3,56.4,515.5
2026-03-22T10:26:51.389275+00:00,33.9,50.2,637.2
2026-03-22T10:26:52.389957+00:00,56.9,99.0,1671.0
2026-03-22T10:26:53.391373+00:00,26.3,48.2,579.1
2026-03-22T10:26:54.392555+00:00,34.2,32.0,668.3
2026-03-22T10:26:55.393315+00:00,29.2,64.9,864.0
2026-03-22T10:26:56.394417+00:00,24.7,37.4,448.0
2026-03-22T10:26:57.394600+00:00,23.7,47.3,1027.8
2026-03-22T10:26:58.394942+00:00,29.3,41.9,929.2
2026-03-22T10:26:59.395769+00:00,32.8,61.3,452.4
2026-03-22T10:27:00.396535+00:00,31.9,70.0,880.0
2026-03-22T10:27:01.397611+00:00,32.0,44.9,1079.7
2026-03-22T10:27:02.398395+00:00,34.0,44.7,1024.6
2026-03-22T10:27:03.399585+00:00,29.5,67.0,836.1
2026-03-22T10:27:04.400530+00:00,22.4,42.1,816.7
2026-03-22T10:27:05.401325+00:00,23.7,52.4,593.5
2026-03-22T10:27:06.402011+00:00,29.8,35.9,812.7
2026-03-22T10:27:07.402675+00:00,56.2,99.7,1702.8
2026-03-22T10:27:08.403297+00:00,31.9,46.4,929.4
2026-03-22T10:27:09.404367+00:00,20.0,62.0,1197.8
2026-03-22T10:27:10.405237+00:00,29.9,61.1,306.6
2026-03-22T10:27:11.406121+00:00,29.3,42.5,431.7
2026-03-22T10:27:12.408509+00:00,21.3,57.8,618.5
2026-03-22T10:27:13.409844+00:00,23.7,65.9,1041.6
2026-03-22T10:27:14.410259+00:00,29.1,67.4,964.3
2026-03-22T10:27:15.411108+00:00,33.8,39.9,729.7
2026-03-22T10:27:16.411448+00:00,28.7,62.8,497.0
2026-03-22T10:27:17.412842+00:00,33.4,53.2,1078.8
2026-03-22T10:27:18.414096+00:00,29.5,68.5,765.6
2026-03-22T10:27:19.415037+00:00,20.4,36.1,599.8
2026-03-22T10:27:20.416142+00:00,29.1,58.2,374.2
2026-03-22T10:27:21.417038+00:00,32.4,59.5,459.6
2026-03-22T10:27:22.417928+00:00,33.6,47.7,1015.8
2026-03-22T10:27:23.418690+00:00,21.1,62.2,641.9
2026-03-22T10:27:24.419643+00:00,32.7,57.9,682.9
2026-03-22T10:27:25.420426+00:00,28.4,50.9,313.3
2026-03-22T10:27:26.421570+00:00,20.9,57.6,942.5
2026-03-22T10:27:27.422096+00:00,31.4,60.0,1064.8
2026-03-22T10:27:28.423252+00:00,28.1,65.1,634.8
2026-03-22T10:27:29.424742+00:00,32.0,64.5,1128.3
2026-03-22T10:27:30.425862+00:00,23.8,50.4,576.0
2026-03-22T10:27:31.426889+00:00,34.3,58.3,963.5
2026-03-22T10:27:32.427969+00:00,65.6,99.3,1810.6
2026-03-22T10:27:33.429727+00:00,29.9,55.4,838.9
2026-03-22T10:27:34.430304+00:00,34.8,33.7,522.9
2026-03-22T10:27:35.431138+00:00,23.4,40.0,486.3
2026-03-22T10:27:36.431640+00:00,33.0,60.4,363.3
2026-03-22T10:27:37.432772+00:00,34.0,44.4,345.8
2026-03-22T10:27:38.434068+00:00,22.9,52.0,428.6
2026-03-22T10:27:39.434427+00:00,31.7,35.6,821.8
2026-03-22T10:27:40.463417+00:00,64.0,96.9,1587.9
2026-03-22T10:27:41.470061+00:00,27.2,34.8,1146.3
2026-03-22T10:27:42.483936+00:00,23.3,34.3,1070.1
2026-03-22T10:27:43.485248+00:00,21.2,66.7,478.4
2026-03-22T10:27:44.486046+00:00,56.3,95.6,1620.6
2026-03-22T10:27:45.487053+00:00,20.9,57.4,992.2
2026-03-22T10:27:46.487231+00:00,23.1,56.2,803.2
2026-03-22T10:27:47.488251+00:00,35.0,69.9,390.3
2026-03-22T10:27:48.488653+00:00,22.9,48.2,1099.2
2026-03-22T10:27:49.489012+00:00,27.0,41.6,579.1
2026-03-22T10:27:50.490036+00:00,23.3,50.5,1106.8
2026-03-22T10:27:51.490924+00:00,20.4,41.0,464.9
2026-03-22T10:27:52.491739+00:00,30.5,50.6,975.2
2026-03-22T10:27:53.492133+00:00,25.3,44.8,987.5
2026-03-22T10:27:54.493324+00:00,22.8,37.8,1128.7
2026-03-22T10:27:55.493694+00:00,31.7,32.1,538.5
2026-03-22T10:27:56.494500+00:00,23.4,64.8,890.9
2026-03-22T10:27:57.494934+00:00,26.0,49.4,599.8
2026-03-22T10:27:58.505002+00:00,33.2,54.1,944.5
2026-03-22T10:27:59.506407+00:00,24.9,44.6,1038.4
2026-03-22T10:28:00.507002+00:00,22.7,69.9,650.7
2026-03-22T10:28:01.507652+00:00,34.1,56.2,1136.4
2026-03-22T10:28:02.508698+00:00,29.8,41.9,648.5
2026-03-22T10:28:03.509681+00:00,35.0,66.1,1100.0
2026-03-22T10:28:04.510985+00:00,25.9,48.6,1053.6
2026-03-22T10:28:05.511381+00:00,34.5,42.5,596.3
2026-03-22T10:28:06.512129+00:00,33.8,54.3,554.1
2026-03-22T10:28:07.512939+00:00,34.3,45.7,1108.8
2026-03-22T10:28:08.570465+00:00,24.7,41.3,1002.2
2026-03-22T10:28:09.571475+00:00,28.2,53.9,784.9
2026-03-22T10:28:10.572911+00:00,25.8,62.0,763.0
2026-03-22T10:28:11.573573+00:00,26.9,57.4,1073.1
2026-03-22T10:28:12.574348+00:00,28.1,38.4,1032.9
2026-03-22T10:28:13.575293+00:00,30.3,35.3,459.4
2026-03-22T10:28:14.575645+00:00,31.6,48.5,596.2
2026-03-22T10:28:15.576777+00:00,30.3,41.3,918.3
2026-03-22T10:28:16.577519+00:00,28.5,65.6,427.6
2026-03-22T10:28:17.577799+00:00,22.8,38.0,657.8
2026-03-22T10:28:18.578689+00:00,32.3,46.8,888.1
2026-03-22T10:28:19.579613+00:00,20.4,65.6,776.3
2026-03-22T10:28:20.579773+00:00,22.5,45.4,1051.7
2026-03-22T10:28:21.580629+00:00,33.6,35.6,921.7
2026-03-22T10:28:22.581503+00:00,26.2,30.6,1106.5
2026-03-22T10:28:23.582299+00:00,23.0,67.2,1140.1
2026-03-22T10:28:24.583051+00:00,26.8,48.3,1138.6
2026-03-22T10:28:25.583718+00:00,33.7,31.5,1176.4
2026-03-22T10:28:26.584454+00:00,30.6,52.7,326.7
2026-03-22T10:28:27.585442+00:00,33.5,55.8,1006.4
2026-03-22T10:28:28.585840+00:00,24.3,69.8,551.1
2026-03-22T10:28:29.585968+00:00,22.9,56.6,395.8
2026-03-22T10:28:30.586683+00:00,26.0,69.6,330.9
2026-03-22T10:28:31.587909+00:00,32.4,40.2,633.9
2026-03-22T10:28:32.589678+00:00,26.1,40.8,783.9
2026-03-22T10:28:33.591247+00:00,24.8,37.9,756.7
2026-03-22T10:28:34.591982+00:00,21.3,60.2,387.5
2026-03-22T10:28:35.592653+00:00,20.2,42.7,589.7
2026-03-22T10:28:36.593013+00:00,26.6,46.2,774.7
2026-03-22T10:28:37.594077+00:00,56.1,98.0,1652.8
2026-03-22T10:28:38.594997+00:00,22.9,56.5,1075.1
2026-03-22T10:28:39.595618+00:00,23.0,51.7,994.1
2026-03-22T10:28:40.596375+00:00,22.5,66.0,706.9
2026-03-22T10:28:41.597478+00:00,21.6,61.4,692.5
2026-03-22T10:28:42.598189+00:00,25.7,30.5,814.3
2026-03-22T10:28:43.599066+00:00,34.8,46.3,1087.6
2026-03-22T10:28:44.600062+00:00,27.1,37.6,961.2
2026-03-22T10:28:45.601551+00:00,34.6,60.6,619.1
2026-03-22T10:28:46.602076+00:00,62.4,99.8,1667.8
2026-03-22T10:28:47.603084+00:00,64.6,99.0,1906.5
2026-03-22T10:28:48.603929+00:00,35.0,34.0,903.6
2026-03-22T10:28:49.604901+00:00,26.6,52.1,1058.4
2026-03-22T10:28:50.604865+00:00,22.9,48.8,345.9
2026-03-22T10:28:51.605969+00:00,29.7,39.6,983.9
2026-03-22T10:28:52.607041+00:00,25.9,51.1,650.4
2026-03-22T10:28:53.608136+00:00,63.0,93.7,1989.7
2026-03-22T10:28:54.609079+00:00,28.9,60.8,1032.6
2026-03-22T10:28:55.609499+00:00,32.2,43.4,810.2
2026-03-22T10:28:56.619392+00:00,32.4,64.0,745.1
2026-03-22T10:28:57.620605+00:00,29.7,55.4,481.6
2026-03-22T10:28:58.622749+00:00,26.3,63.5,1099.3
2026-03-22T10:28:59.624000+00:00,68.4,89.5,1890.5
2026-03-22T10:29:00.624473+00:00,22.6,41.9,680.9
2026-03-22T10:29:01.625428+00:00,25.2,66.7,387.9
2026-03-22T10:29:02.625904+00:00,33.0,34.1,1148.5
2026-03-22T10:29:03.627023+00:00,21.7,47.4,1183.3
2026-03-22T10:29:04.627921+00:00,34.0,50.7,496.8
2026-03-22T10:29:05.628586+00:00,28.9,37.3,794.9
2026-03-22T10:29:06.629537+00:00,25.3,64.0,1045.6
2026-03-22T10:29:07.630203+00:00,26.8,63.0,1170.3
2026-03-22T10:29:08.630389+00:00,31.4,37.1,646.7
2026-03-22T10:29:09.631601+00:00,29.0,46.0,808.6
2026-03-22T10:29:10.632519+00:00,28.8,37.6,1029.8
2026-03-22T10:29:11.633514+00:00,33.2,61.4,902.3
2026-03-22T10:29:12.633692+00:00,69.3,92.0,1506.3
2026-03-22T10:29:13.634439+00:00,20.7,62.1,906.1
2026-03-22T10:29:14.635728+00:00,20.8,44.1,1172.8
2026-03-22T10:29:15.636517+00:00,28.0,58.4,1088.1
2026-03-22T10:29:16.637071+00:00,21.0,46.2,937.7
2026-03-22T10:29:17.638319+00:00,30.2,67.4,1134.8
2026-03-22T10:29:18.639325+00:00,25.8,57.9,490.5
2026-03-22T10:29:19.639857+00:00,20.1,55.3,426.3
2026-03-22T10:29:20.640996+00:00,27.1,53.4,465.5
2026-03-22T10:29:21.641550+00:00,26.5,31.3,975.9
2026-03-22T10:29:22.642771+00:00,30.2,55.8,1106.6
2026-03-22T10:29:23.643718+00:00,24.0,39.3,1185.1
2026-03-22T10:29:24.644658+00:00,24.6,44.9,729.4
2026-03-22T10:29:25.645435+00:00,33.2,53.6,596.3
TEST LINE
